UCSC.style.name	UCSC_Genome_Name	Sequence.Name	NCBI_Genome_Name
chr1	GRCh38.p14	1	hg38
chr10	GRCh38.p14	10	hg38
chr11	GRCh38.p14	11	hg38
chr12	GRCh38.p14	12	hg38
chr13	GRCh38.p14	13	hg38
chr14	GRCh38.p14	14	hg38
chr15	GRCh38.p14	15	hg38
chr16	GRCh38.p14	16	hg38
chr17	GRCh38.p14	17	hg38
chr18	GRCh38.p14	18	hg38
chr19	GRCh38.p14	19	hg38
chr2	GRCh38.p14	2	hg38
chr20	GRCh38.p14	20	hg38
chr21	GRCh38.p14	21	hg38
chr22	GRCh38.p14	22	hg38
chr3	GRCh38.p14	3	hg38
chr4	GRCh38.p14	4	hg38
chr5	GRCh38.p14	5	hg38
chr6	GRCh38.p14	6	hg38
chr7	GRCh38.p14	7	hg38
chr8	GRCh38.p14	8	hg38
chr9	GRCh38.p14	9	hg38
chr9_MU273365v1_fix	GRCh38.p14	HG1012_PATCH	""
chr5_MU273352v1_fix	GRCh38.p14	HG1046_PATCH	""
chr8_MU273360v1_fix	GRCh38.p14	HG1047_PATCH	""
chr11_KQ759759v2_fix	GRCh38.p14	HG107_HG2565_PATCH	""
chr11_KQ759759v1_fix	GRCh38.p13	HG107_PATCH	""
chr19_ML143376v1_fix	GRCh38.p14	HG109_PATCH	""
chr9_MU273366v1_fix	GRCh38.p14	HG1206_PATCH	""
chr3_KN538364v1_fix	GRCh38.p14	HG126_PATCH	""
chr10_ML143355v1_fix	GRCh38.p14	HG1277_PATCH	""
chr4_ML143348v1_fix	GRCh38.p14	HG1296_PATCH	""
chr4_ML143347v1_fix	GRCh38.p14	HG1298_PATCH	""
chr4_ML143346v1_fix	GRCh38.p14	HG1299_PATCH	""
chr7_ML143352v1_fix	GRCh38.p14	HG1309_PATCH	""
chr22_KQ759762v2_fix	GRCh38.p14	HG1311_HG2539_PATCH	""
chr22_KQ759762v1_fix	GRCh38.p13	HG1311_PATCH	""
chr17_ML143375v1_fix	GRCh38.p14	HG1320_PATCH	""
chr1_KQ031383v1_fix	GRCh38.p14	HG1342_HG2282_PATCH	""
chr1_MU273333v1_fix	GRCh38.p14	HG1343_HG173_HG459_PATCH	""
chr12_KN538369v1_fix	GRCh38.p14	HG1362_PATCH	""
chr17_MU273382v1_fix	GRCh38.p14	HG1369_PATCH	""
chr2_ML143342v1_fix	GRCh38.p14	HG1384_PATCH	""
chr5_ML143350v1_fix	GRCh38.p14	HG1395_PATCH	""
chr12_ML143362v1_fix	GRCh38.p14	HG1398_PATCH	""
chr11_JH159136v1_alt	GRCh38.p14	HG142_HG150_NOVEL_TEST	hg38
chr11_ML143357v1_fix	GRCh38.p14	HG1445_PATCH	""
chrX_ML143385v1_fix	GRCh38.p14	HG1466_PATCH	""
chr22_ML143378v1_fix	GRCh38.p14	HG1485_PATCH	""
chrX_ML143382v1_fix	GRCh38.p14	HG1506_PATCH	""
chrX_ML143383v1_fix	GRCh38.p14	HG1507_PATCH	""
chrX_ML143384v1_fix	GRCh38.p14	HG1509_PATCH	""
chr11_JH159137v1_alt	GRCh38.p14	HG151_NOVEL_TEST	hg38
chr11_ML143356v1_fix	GRCh38.p14	HG1521_PATCH	""
chr13_ML143364v1_fix	GRCh38.p14	HG1523_PATCH	""
chr13_ML143365v1_fix	GRCh38.p14	HG1524_PATCH	""
chr11_MU273369v1_fix	GRCh38.p14	HG152_PATCH	""
chrY_KZ208923v1_fix	GRCh38.p14	HG1531_PATCH	""
chrY_MU273398v1_fix	GRCh38.p14	HG1532_PATCH	""
chrY_KZ208924v1_fix	GRCh38.p14	HG1535_PATCH	""
chr6_KQ031387v1_fix	GRCh38.p14	HG1651_PATCH	""
chr11_KV766195v1_fix	GRCh38.p14	HG1708_PATCH	""
chr12_KZ208916v1_fix	GRCh38.p14	HG1815_PATCH	""
chr13_ML143363v1_fix	GRCh38.p14	HG1817_1_PATCH	""
chr1_KN538360v1_fix	GRCh38.p14	HG1832_PATCH	""
chr14_KZ208920v1_fix	GRCh38.p14	HG1_PATCH	""
chr1_KZ208906v1_fix	GRCh38.p14	HG2002_PATCH	""
chr19_KN196484v1_fix	GRCh38.p14	HG2021_PATCH	""
chr3_KN196476v1_fix	GRCh38.p14	HG2022_PATCH	""
chr4_KQ983257v1_fix	GRCh38.p14	HG2023_PATCH	""
chr9_KN196479v1_fix	GRCh38.p14	HG2030_PATCH	""
chr8_MU273363v1_fix	GRCh38.p14	HG2031_PATCH	""
chr17_KV575245v1_fix	GRCh38.p14	HG2046_PATCH	""
chr12_KZ208917v1_fix	GRCh38.p14	HG2047_PATCH	""
chr2_MU273343v1_fix	GRCh38.p14	HG2052_PATCH	""
chr6_KZ208911v1_fix	GRCh38.p14	HG2057_PATCH	""
chr1_KN196473v1_fix	GRCh38.p14	HG2058_PATCH	""
chr11_KZ559108v1_fix	GRCh38.p14	HG2060_PATCH	""
chrY_KN196487v1_fix	GRCh38.p14	HG2062_PATCH	""
chr12_KQ759760v1_fix	GRCh38.p14	HG2063_PATCH	""
chr3_KN196475v1_fix	GRCh38.p14	HG2066_PATCH	""
chr8_KV880766v1_fix	GRCh38.p14	HG2067_PATCH	""
chr8_KV880767v1_fix	GRCh38.p14	HG2068_PATCH	""
chr3_MU273348v1_fix	GRCh38.p14	HG2069_PATCH	""
chr6_KQ090016v1_fix	GRCh38.p14	HG2072_PATCH	""
chr3_MU273347v1_fix	GRCh38.p14	HG2077_PATCH	""
chr17_ML143374v1_fix	GRCh38.p14	HG2087_PATCH	""
chr7_KV880764v1_fix	GRCh38.p14	HG2088_PATCH	""
chr1_KN538361v1_fix	GRCh38.p14	HG2095_PATCH	""
chr1_KN196474v1_fix	GRCh38.p14	HG2104_PATCH	""
chr11_ML143360v1_fix	GRCh38.p14	HG2111_PATCH	""
chr11_KZ559109v1_fix	GRCh38.p14	HG2114_PATCH	""
chr11_ML143359v1_fix	GRCh38.p14	HG2115_PATCH	""
chr11_KQ090022v1_fix	GRCh38.p14	HG2116_PATCH	""
chr17_MU273379v1_fix	GRCh38.p14	HG2118_PATCH	""
chr6_KV766194v1_fix	GRCh38.p14	HG2121_PATCH	""
chr6_KN196478v1_fix	GRCh38.p14	HG2128_PATCH	""
chr3_KZ559104v1_fix	GRCh38.p14	HG2133_PATCH	""
chr15_KN538374v1_fix	GRCh38.p14	HG2139_PATCH	""
chr2_MU273345v1_fix	GRCh38.p14	HG2140_PATCH	""
chr4_MU273350v1_fix	GRCh38.p14	HG2155_PATCH	""
chr9_MU273364v1_fix	GRCh38.p14	HG2158_PATCH	""
chr8_MU273359v1_fix	GRCh38.p14	HG2176_PATCH	""
chr10_KN196480v1_fix	GRCh38.p14	HG2191_PATCH	""
chr15_ML143370v1_fix	GRCh38.p14	HG2198_PATCH	""
chr18_KQ090028v1_fix	GRCh38.p14	HG2213_PATCH	""
chr13_KN196483v1_fix	GRCh38.p14	HG2216_PATCH	""
chr11_KN196481v1_fix	GRCh38.p14	HG2217_PATCH	""
chr21_MU273390v1_fix	GRCh38.p14	HG2219_PATCH	""
chr20_MU273388v1_fix	GRCh38.p14	HG2225_PATCH	""
chr2_MU273344v1_fix	GRCh38.p14	HG2231_HG2496_PATCH	""
chr2_KN538363v1_fix	GRCh38.p14	HG2232_PATCH	""
chr2_KN538362v1_fix	GRCh38.p14	HG2233_PATCH	""
chr3_KQ031385v1_fix	GRCh38.p14	HG2235_PATCH	""
chr3_KV766192v1_fix	GRCh38.p14	HG2236_PATCH	""
chr3_KQ031386v1_fix	GRCh38.p14	HG2237_PATCH	""
chr7_KQ031388v1_fix	GRCh38.p14	HG2239_PATCH	""
chr10_KN538365v1_fix	GRCh38.p14	HG2241_PATCH	""
chr10_KN538366v1_fix	GRCh38.p14	HG2242_HG2243_PATCH	""
chr10_KN538367v1_fix	GRCh38.p14	HG2244_HG2245_PATCH	""
chr12_ML143361v1_fix	GRCh38.p14	HG2246_HG2248_HG2276_PATCH	""
chr12_KN538370v1_fix	GRCh38.p14	HG2247_PATCH	""
chr13_KN538373v1_fix	GRCh38.p14	HG2249_PATCH	""
chr17_MU273381v1_fix	GRCh38.p14	HG2251_PATCH	""
chr16_KZ559113v1_fix	GRCh38.p14	HG2263_PATCH	""
chr3_MU273346v1_fix	GRCh38.p14	HG2264_PATCH	""
chr21_MU273391v1_fix	GRCh38.p14	HG2265_PATCH	""
chr7_KV880765v1_fix	GRCh38.p14	HG2266_PATCH	""
chr8_MU273362v1_fix	GRCh38.p14	HG2267_PATCH	""
chr2_MU273342v1_fix	GRCh38.p14	HG2275_PATCH	""
chr15_MU273374v1_fix	GRCh38.p14	HG2280_PATCH	""
chr17_KV766196v1_fix	GRCh38.p14	HG2285_HG106_HG2252_PATCH	""
chr13_KN538371v1_fix	GRCh38.p14	HG2288_HG2289_PATCH	""
chr2_KQ031384v1_fix	GRCh38.p14	HG2290_PATCH	""
chr13_KN538372v1_fix	GRCh38.p14	HG2291_PATCH	""
chr5_MU273355v1_fix	GRCh38.p14	HG2308_PATCH	""
chr10_KQ090021v1_fix	GRCh38.p14	HG2334_PATCH	""
chr15_ML143371v1_fix	GRCh38.p14	HG2365_PATCH	""
chr12_KN196482v1_fix	GRCh38.p14	HG23_PATCH	""
chr5_MU273354v1_fix	GRCh38.p14	HG2405_PATCH	""
chr17_MU273380v1_fix	GRCh38.p14	HG2407_PATCH	""
chr8_MU273361v1_fix	GRCh38.p14	HG2408_PATCH	""
chr18_KZ559115v1_fix	GRCh38.p14	HG2412_PATCH	""
chr8_KZ208914v1_fix	GRCh38.p14	HG2419_PATCH	""
chr18_KZ208922v1_fix	GRCh38.p14	HG2442_PATCH	""
chr19_MU273384v1_fix	GRCh38.p14	HG2461_PATCH	""
chr19_MU273386v1_fix	GRCh38.p14	HG2469_PATCH	""
chr16_ML143373v1_fix	GRCh38.p14	HG2471_PATCH	""
chr5_MU273353v1_fix	GRCh38.p14	HG2476_PATCH	""
chr2_MU273341v1_fix	GRCh38.p14	HG2494_PATCH	""
chr15_ML143369v1_fix	GRCh38.p14	HG2499_PATCH	""
chr13_ML143366v1_fix	GRCh38.p14	HG2509_PATCH	""
chr14_ML143367v1_fix	GRCh38.p14	HG2510_PATCH	""
chr15_ML143372v1_fix	GRCh38.p14	HG2511_PATCH	""
chr22_ML143380v1_fix	GRCh38.p14	HG2512_PATCH	""
chr21_ML143377v1_fix	GRCh38.p14	HG2513_PATCH	""
chr1_MU273335v1_fix	GRCh38.p14	HG2515_PATCH	""
chr21_MU273392v1_fix	GRCh38.p14	HG2521_PATCH	""
chr4_ML143345v1_fix	GRCh38.p14	HG2525_PATCH	""
chr14_MU273373v1_fix	GRCh38.p14	HG2526_HG2573_PATCH	""
chrX_MU273393v1_fix	GRCh38.p14	HG2527_PATCH	""
chrX_MU273394v1_fix	GRCh38.p14	HG2541_PATCH	""
chr12_MU273372v1_fix	GRCh38.p14	HG2554_PATCH	""
chr11_MU273370v1_fix	GRCh38.p14	HG2568_PATCH	""
chr19_MU273385v1_fix	GRCh38.p14	HG2569_PATCH	""
chr1_MU273334v1_fix	GRCh38.p14	HG2571_PATCH	""
chr10_MU273367v1_fix	GRCh38.p14	HG2576_PATCH	""
chr1_MU273336v1_fix	GRCh38.p14	HG2577_PATCH	""
chr11_MU273371v1_fix	GRCh38.p14	HG2578_PATCH	""
chr17_MU273383v1_fix	GRCh38.p14	HG2580_PATCH	""
chr19_KQ458386v1_fix	GRCh38.p14	HG26_PATCH	""
chr4_MU273351v1_fix	GRCh38.p14	HG287_PATCH	""
chr11_ML143358v1_fix	GRCh38.p14	HG28_PATCH	""
chr5_KV575244v1_fix	GRCh38.p14	HG30_PATCH	""
chr16_MU273376v1_fix	GRCh38.p14	HG401_PATCH	""
chr16_MU273377v1_fix	GRCh38.p14	HG405_PATCH	""
chr20_MU273389v1_fix	GRCh38.p14	HG410_PATCH	""
chrX_ML143381v1_fix	GRCh38.p14	HG439_PATCH	""
chr1_KZ559100v1_fix	GRCh38.p14	HG460_PATCH	""
chr22_ML143379v1_fix	GRCh38.p14	HG494_PATCH	""
chr10_ML143354v1_fix	GRCh38.p14	HG545_PATCH	""
chr6_ML143351v1_fix	GRCh38.p14	HG563_PATCH	""
chr9_ML143353v1_fix	GRCh38.p14	HG613_PATCH	""
chr4_ML143344v1_fix	GRCh38.p14	HG699_PATCH	""
chr4_ML143349v1_fix	GRCh38.p14	HG705_PATCH	""
chr7_KZ208912v1_fix	GRCh38.p14	HG708_PATCH	""
chr2_ML143341v1_fix	GRCh38.p14	HG721_PATCH	""
chr8_KZ208915v1_fix	GRCh38.p14	HG76_PATCH	""
chr16_KV880768v1_fix	GRCh38.p14	HG926_PATCH	""
chr1_KN196472v1_fix	GRCh38.p14	HG986_PATCH	""
chr10_GL383545v1_alt	GRCh38.p14	HSCHR10_1_CTG1	hg38
chr10_GL383546v1_alt	GRCh38.p14	HSCHR10_1_CTG2	hg38
chr10_KI270824v1_alt	GRCh38.p14	HSCHR10_1_CTG3	hg38
chr10_KI270825v1_alt	GRCh38.p14	HSCHR10_1_CTG4	hg38
chr10_KQ090020v1_alt	GRCh38.p14	HSCHR10_1_CTG6	""
chr11_GL383547v1_alt	GRCh38.p14	HSCHR11_1_CTG1_1	hg38
chr11_KN538368v1_alt	GRCh38.p14	HSCHR11_1_CTG1_2	""
chr11_KI270826v1_alt	GRCh38.p14	HSCHR11_1_CTG2	hg38
chr11_KI270827v1_alt	GRCh38.p14	HSCHR11_1_CTG3	hg38
chr11_KZ559111v1_alt	GRCh38.p14	HSCHR11_1_CTG3_1	""
chr11_KI270829v1_alt	GRCh38.p14	HSCHR11_1_CTG5	hg38
chr11_KI270830v1_alt	GRCh38.p14	HSCHR11_1_CTG6	hg38
chr11_KI270831v1_alt	GRCh38.p14	HSCHR11_1_CTG7	hg38
chr11_KI270832v1_alt	GRCh38.p14	HSCHR11_1_CTG8	hg38
chr11_KI270902v1_alt	GRCh38.p14	HSCHR11_2_CTG1	hg38
chr11_KI270903v1_alt	GRCh38.p14	HSCHR11_2_CTG1_1	hg38
chr11_MU273368v1_alt	GRCh38.p14	HSCHR11_2_CTG3_1	""
chr11_KZ559110v1_alt	GRCh38.p14	HSCHR11_2_CTG8	""
chr11_KI270927v1_alt	GRCh38.p14	HSCHR11_3_CTG1	hg38
chr11_KI270721v1_random	GRCh38.p14	HSCHR11_CTG1_UNLOCALIZED	hg38
chr12_GL877875v1_alt	GRCh38.p14	HSCHR12_1_CTG1	hg38
chr12_GL383549v1_alt	GRCh38.p14	HSCHR12_1_CTG2	hg38
chr12_GL383550v2_alt	GRCh38.p14	HSCHR12_1_CTG2_1	hg38
chr12_KQ090023v1_alt	GRCh38.p14	HSCHR12_2_CTG1	""
chr12_GL877876v1_alt	GRCh38.p14	HSCHR12_2_CTG2	hg38
chr12_GL383552v1_alt	GRCh38.p14	HSCHR12_2_CTG2_1	hg38
chr12_KI270904v1_alt	GRCh38.p14	HSCHR12_3_CTG2	hg38
chr12_GL383553v2_alt	GRCh38.p14	HSCHR12_3_CTG2_1	hg38
chr12_KI270835v1_alt	GRCh38.p14	HSCHR12_4_CTG2	hg38
chr12_GL383551v1_alt	GRCh38.p14	HSCHR12_4_CTG2_1	hg38
chr12_KI270837v1_alt	GRCh38.p14	HSCHR12_5_CTG2	hg38
chr12_KI270833v1_alt	GRCh38.p14	HSCHR12_5_CTG2_1	hg38
chr12_KI270834v1_alt	GRCh38.p14	HSCHR12_6_CTG2_1	hg38
chr12_KI270836v1_alt	GRCh38.p14	HSCHR12_7_CTG2_1	hg38
chr12_KZ208918v1_alt	GRCh38.p14	HSCHR12_8_CTG2_1	""
chr12_KZ559112v1_alt	GRCh38.p14	HSCHR12_9_CTG2_1	""
chr13_KI270838v1_alt	GRCh38.p14	HSCHR13_1_CTG1	hg38
chr13_KI270839v1_alt	GRCh38.p14	HSCHR13_1_CTG2	hg38
chr13_KI270840v1_alt	GRCh38.p14	HSCHR13_1_CTG3	hg38
chr13_KI270841v1_alt	GRCh38.p14	HSCHR13_1_CTG4	hg38
chr13_KI270842v1_alt	GRCh38.p14	HSCHR13_1_CTG5	hg38
chr13_KI270843v1_alt	GRCh38.p14	HSCHR13_1_CTG6	hg38
chr13_KQ090024v1_alt	GRCh38.p14	HSCHR13_1_CTG7	""
chr13_KQ090025v1_alt	GRCh38.p14	HSCHR13_1_CTG8	""
chr14_KI270844v1_alt	GRCh38.p14	HSCHR14_1_CTG1	hg38
chr14_KI270845v1_alt	GRCh38.p14	HSCHR14_2_CTG1	hg38
chr14_KI270846v1_alt	GRCh38.p14	HSCHR14_3_CTG1	hg38
chr14_KI270847v1_alt	GRCh38.p14	HSCHR14_7_CTG1	hg38
chr14_KZ208919v1_alt	GRCh38.p14	HSCHR14_8_CTG1	""
chr14_ML143368v1_alt	GRCh38.p14	HSCHR14_9_CTG1	""
chr14_GL000009v2_random	GRCh38.p14	HSCHR14_CTG1_UNLOCALIZED	hg38
chr14_GL000225v1_random	GRCh38.p14	HSCHR14_CTG2_UNLOCALIZED	hg38
chr14_KI270722v1_random	GRCh38.p14	HSCHR14_CTG3_UNLOCALIZED	hg38
chr14_GL000194v1_random	GRCh38.p14	HSCHR14_CTG4_UNLOCALIZED	hg38
chr14_KI270723v1_random	GRCh38.p14	HSCHR14_CTG5_UNLOCALIZED	hg38
chr14_KI270724v1_random	GRCh38.p14	HSCHR14_CTG6_UNLOCALIZED	hg38
chr14_KI270725v1_random	GRCh38.p14	HSCHR14_CTG7_UNLOCALIZED	hg38
chr14_KI270726v1_random	GRCh38.p14	HSCHR14_CTG8_UNLOCALIZED	hg38
chr15_KI270852v1_alt	GRCh38.p14	HSCHR15_1_CTG1	hg38
chr15_KI270848v1_alt	GRCh38.p14	HSCHR15_1_CTG3	hg38
chr15_GL383554v1_alt	GRCh38.p14	HSCHR15_1_CTG8	hg38
chr15_KI270906v1_alt	GRCh38.p14	HSCHR15_2_CTG3	hg38
chr15_GL383555v2_alt	GRCh38.p14	HSCHR15_2_CTG8	hg38
chr15_KI270851v1_alt	GRCh38.p14	HSCHR15_3_CTG3	hg38
chr15_KI270849v1_alt	GRCh38.p14	HSCHR15_3_CTG8	hg38
chr15_KI270905v1_alt	GRCh38.p14	HSCHR15_4_CTG8	hg38
chr15_KI270850v1_alt	GRCh38.p14	HSCHR15_5_CTG8	hg38
chr15_KQ031389v1_alt	GRCh38.p14	HSCHR15_6_CTG8	""
chr15_MU273375v1_alt	GRCh38.p14	HSCHR15_9_CTG8	""
chr15_KI270727v1_random	GRCh38.p14	HSCHR15_RANDOM_CTG1	hg38
chr16_KI270853v1_alt	GRCh38.p14	HSCHR16_1_CTG1	hg38
chr16_GL383556v1_alt	GRCh38.p14	HSCHR16_1_CTG3_1	hg38
chr16_GL383557v1_alt	GRCh38.p14	HSCHR16_2_CTG3_1	hg38
chr16_KI270855v1_alt	GRCh38.p14	HSCHR16_3_CTG1	hg38
chr16_KQ031390v1_alt	GRCh38.p14	HSCHR16_3_CTG3_1	""
chr16_KI270856v1_alt	GRCh38.p14	HSCHR16_4_CTG1	hg38
chr16_KQ090027v1_alt	GRCh38.p14	HSCHR16_4_CTG3_1	""
chr16_KQ090026v1_alt	GRCh38.p14	HSCHR16_5_CTG1	""
chr16_KZ208921v1_alt	GRCh38.p14	HSCHR16_5_CTG3_1	""
chr16_KI270854v1_alt	GRCh38.p14	HSCHR16_CTG2	hg38
chr16_KI270728v1_random	GRCh38.p14	HSCHR16_RANDOM_CTG1	hg38
chr17_KI270909v1_alt	GRCh38.p14	HSCHR17_10_CTG4	hg38
chr17_KV766197v1_alt	GRCh38.p14	HSCHR17_11_CTG4	""
chr17_KZ559114v1_alt	GRCh38.p14	HSCHR17_12_CTG4	""
chr17_MU273378v1_alt	GRCh38.p14	HSCHR17_13_CTG4	""
chr17_GL383563v3_alt	GRCh38.p14	HSCHR17_1_CTG1	hg38
chr17_KI270861v1_alt	GRCh38.p14	HSCHR17_1_CTG2	hg38
chr17_GL383564v2_alt	GRCh38.p14	HSCHR17_1_CTG4	hg38
chr17_GL000258v2_alt	GRCh38.p14	HSCHR17_1_CTG5	hg38
chr17_KI270860v1_alt	GRCh38.p14	HSCHR17_1_CTG9	hg38
chr17_KI270907v1_alt	GRCh38.p14	HSCHR17_2_CTG1	hg38
chr17_KI270862v1_alt	GRCh38.p14	HSCHR17_2_CTG2	hg38
chr17_GL383565v1_alt	GRCh38.p14	HSCHR17_2_CTG4	hg38
chr17_KI270908v1_alt	GRCh38.p14	HSCHR17_2_CTG5	hg38
chr17_KV766198v1_alt	GRCh38.p14	HSCHR17_3_CTG1	""
chr17_KI270910v1_alt	GRCh38.p14	HSCHR17_3_CTG2	hg38
chr17_GL383566v1_alt	GRCh38.p14	HSCHR17_3_CTG4	hg38
chr17_JH159146v1_alt	GRCh38.p14	HSCHR17_4_CTG4	hg38
chr17_JH159147v1_alt	GRCh38.p14	HSCHR17_5_CTG4	hg38
chr17_JH159148v1_alt	GRCh38.p14	HSCHR17_6_CTG4	hg38
chr17_KI270857v1_alt	GRCh38.p14	HSCHR17_7_CTG4	hg38
chr17_KI270858v1_alt	GRCh38.p14	HSCHR17_8_CTG4	hg38
chr17_KI270859v1_alt	GRCh38.p14	HSCHR17_9_CTG4	hg38
chr17_GL000205v2_random	GRCh38.p14	HSCHR17_RANDOM_CTG3	hg38
chr17_KI270729v1_random	GRCh38.p14	HSCHR17_RANDOM_CTG4	hg38
chr17_KI270730v1_random	GRCh38.p14	HSCHR17_RANDOM_CTG5	hg38
chr18_KZ559116v1_alt	GRCh38.p14	HSCHR18_1_CTG1	""
chr18_GL383567v1_alt	GRCh38.p14	HSCHR18_1_CTG1_1	hg38
chr18_GL383568v1_alt	GRCh38.p14	HSCHR18_1_CTG2	hg38
chr18_GL383569v1_alt	GRCh38.p14	HSCHR18_1_CTG2_1	hg38
chr18_GL383570v1_alt	GRCh38.p14	HSCHR18_2_CTG1_1	hg38
chr18_GL383571v1_alt	GRCh38.p14	HSCHR18_2_CTG2	hg38
chr18_GL383572v1_alt	GRCh38.p14	HSCHR18_2_CTG2_1	hg38
chr18_KI270863v1_alt	GRCh38.p14	HSCHR18_3_CTG2_1	hg38
chr18_KI270864v1_alt	GRCh38.p14	HSCHR18_4_CTG1_1	hg38
chr18_KQ458385v1_alt	GRCh38.p14	HSCHR18_5_CTG1_1	""
chr18_KI270912v1_alt	GRCh38.p14	HSCHR18_ALT21_CTG2_1	hg38
chr18_KI270911v1_alt	GRCh38.p14	HSCHR18_ALT2_CTG2_1	hg38
chr19_KV575254v1_alt	GRCh38.p14	HSCHR19KIR_0010-5217-AB_CTG3_1	""
chr19_KV575246v1_alt	GRCh38.p14	HSCHR19KIR_0019-4656-A_CTG3_1	""
chr19_KV575256v1_alt	GRCh38.p14	HSCHR19KIR_0019-4656-B_CTG3_1	""
chr19_KV575253v1_alt	GRCh38.p14	HSCHR19KIR_502960008-1_CTG3_1	""
chr19_KV575252v1_alt	GRCh38.p14	HSCHR19KIR_502960008-2_CTG3_1	""
chr19_KV575255v1_alt	GRCh38.p14	HSCHR19KIR_7191059-1_CTG3_1	""
chr19_KV575259v1_alt	GRCh38.p14	HSCHR19KIR_7191059-2_CTG3_1	""
chr19_KI270917v1_alt	GRCh38.p14	HSCHR19KIR_ABC08_A1_HAP_CTG3_1	hg38
chr19_KI270918v1_alt	GRCh38.p14	HSCHR19KIR_ABC08_AB_HAP_C_P_CTG3_1	hg38
chr19_KI270919v1_alt	GRCh38.p14	HSCHR19KIR_ABC08_AB_HAP_T_P_CTG3_1	hg38
chr19_KV575247v1_alt	GRCh38.p14	HSCHR19KIR_CA01-TA01_1_CTG3_1	""
chr19_KV575248v1_alt	GRCh38.p14	HSCHR19KIR_CA01-TA01_2_CTG3_1	""
chr19_KV575250v1_alt	GRCh38.p14	HSCHR19KIR_CA01-TB01_CTG3_1	""
chr19_KV575249v1_alt	GRCh38.p14	HSCHR19KIR_CA01-TB04_CTG3_1	""
chr19_KV575257v1_alt	GRCh38.p14	HSCHR19KIR_CA04_CTG3_1	""
chr19_KI270920v1_alt	GRCh38.p14	HSCHR19KIR_FH05_A_HAP_CTG3_1	hg38
chr19_KI270921v1_alt	GRCh38.p14	HSCHR19KIR_FH05_B_HAP_CTG3_1	hg38
chr19_KI270922v1_alt	GRCh38.p14	HSCHR19KIR_FH06_A_HAP_CTG3_1	hg38
chr19_KI270923v1_alt	GRCh38.p14	HSCHR19KIR_FH06_BA1_HAP_CTG3_1	hg38
chr19_KI270929v1_alt	GRCh38.p14	HSCHR19KIR_FH08_A_HAP_CTG3_1	hg38
chr19_KI270930v1_alt	GRCh38.p14	HSCHR19KIR_FH08_BAX_HAP_CTG3_1	hg38
chr19_KI270931v1_alt	GRCh38.p14	HSCHR19KIR_FH13_A_HAP_CTG3_1	hg38
chr19_KI270932v1_alt	GRCh38.p14	HSCHR19KIR_FH13_BA2_HAP_CTG3_1	hg38
chr19_KI270933v1_alt	GRCh38.p14	HSCHR19KIR_FH15_A_HAP_CTG3_1	hg38
chr19_KI270882v1_alt	GRCh38.p14	HSCHR19KIR_FH15_B_HAP_CTG3_1	hg38
chr19_KI270883v1_alt	GRCh38.p14	HSCHR19KIR_G085_A_HAP_CTG3_1	hg38
chr19_KI270884v1_alt	GRCh38.p14	HSCHR19KIR_G085_BA1_HAP_CTG3_1	hg38
chr19_KI270885v1_alt	GRCh38.p14	HSCHR19KIR_G248_A_HAP_CTG3_1	hg38
chr19_KI270886v1_alt	GRCh38.p14	HSCHR19KIR_G248_BA2_HAP_CTG3_1	hg38
chr19_KI270887v1_alt	GRCh38.p14	HSCHR19KIR_GRC212_AB_HAP_CTG3_1	hg38
chr19_KI270888v1_alt	GRCh38.p14	HSCHR19KIR_GRC212_BA1_HAP_CTG3_1	hg38
chr19_KV575258v1_alt	GRCh38.p14	HSCHR19KIR_HG2393_CTG3_1	""
chr19_KV575251v1_alt	GRCh38.p14	HSCHR19KIR_HG2394_CTG3_1	""
chr19_KV575260v1_alt	GRCh38.p14	HSCHR19KIR_HG2396_CTG3_1	""
chr19_KI270889v1_alt	GRCh38.p14	HSCHR19KIR_LUCE_A_HAP_CTG3_1	hg38
chr19_KI270890v1_alt	GRCh38.p14	HSCHR19KIR_LUCE_BDEL_HAP_CTG3_1	hg38
chr19_GL000209v2_alt	GRCh38.p14	HSCHR19KIR_RP5_B_HAP_CTG3_1	hg38
chr19_KI270891v1_alt	GRCh38.p14	HSCHR19KIR_RSH_A_HAP_CTG3_1	hg38
chr19_KI270914v1_alt	GRCh38.p14	HSCHR19KIR_RSH_BA2_HAP_CTG3_1	hg38
chr19_KI270915v1_alt	GRCh38.p14	HSCHR19KIR_T7526_A_HAP_CTG3_1	hg38
chr19_KI270916v1_alt	GRCh38.p14	HSCHR19KIR_T7526_BDEL_HAP_CTG3_1	hg38
chr19_GL949746v1_alt	GRCh38.p14	HSCHR19LRC_COX1_CTG3_1	hg38
chr19_GL949747v2_alt	GRCh38.p14	HSCHR19LRC_COX2_CTG3_1	hg38
chr19_GL949748v2_alt	GRCh38.p14	HSCHR19LRC_LRC_I_CTG3_1	hg38
chr19_GL949749v2_alt	GRCh38.p14	HSCHR19LRC_LRC_J_CTG3_1	hg38
chr19_GL949750v2_alt	GRCh38.p14	HSCHR19LRC_LRC_S_CTG3_1	hg38
chr19_GL949751v2_alt	GRCh38.p14	HSCHR19LRC_LRC_T_CTG3_1	hg38
chr19_GL949752v1_alt	GRCh38.p14	HSCHR19LRC_PGF1_CTG3_1	hg38
chr19_GL949753v2_alt	GRCh38.p14	HSCHR19LRC_PGF2_CTG3_1	hg38
chr19_GL383573v1_alt	GRCh38.p14	HSCHR19_1_CTG2	hg38
chr19_GL383574v1_alt	GRCh38.p14	HSCHR19_1_CTG3_1	hg38
chr19_GL383575v2_alt	GRCh38.p14	HSCHR19_2_CTG2	hg38
chr19_KI270866v1_alt	GRCh38.p14	HSCHR19_2_CTG3_1	hg38
chr19_GL383576v1_alt	GRCh38.p14	HSCHR19_3_CTG2	hg38
chr19_KI270867v1_alt	GRCh38.p14	HSCHR19_3_CTG3_1	hg38
chr19_KI270865v1_alt	GRCh38.p14	HSCHR19_4_CTG2	hg38
chr19_KI270938v1_alt	GRCh38.p14	HSCHR19_4_CTG3_1	hg38
chr19_KI270868v1_alt	GRCh38.p14	HSCHR19_5_CTG2	hg38
chr19_MU273387v1_alt	GRCh38.p14	HSCHR19_6_CTG2	""
chr1_MU273330v1_alt	GRCh38.p14	HSCHR1_12_CTG3	""
chr1_KI270760v1_alt	GRCh38.p14	HSCHR1_1_CTG11	hg38
chr1_KI270762v1_alt	GRCh38.p14	HSCHR1_1_CTG3	hg38
chr1_GL383518v1_alt	GRCh38.p14	HSCHR1_1_CTG31	hg38
chr1_KI270759v1_alt	GRCh38.p14	HSCHR1_1_CTG32_1	hg38
chr1_KI270766v1_alt	GRCh38.p14	HSCHR1_2_CTG3	hg38
chr1_GL383519v1_alt	GRCh38.p14	HSCHR1_2_CTG31	hg38
chr1_KI270761v1_alt	GRCh38.p14	HSCHR1_2_CTG32_1	hg38
chr1_KQ458382v1_alt	GRCh38.p14	HSCHR1_3_CTG3	""
chr1_GL383520v2_alt	GRCh38.p14	HSCHR1_3_CTG31	hg38
chr1_KI270763v1_alt	GRCh38.p14	HSCHR1_3_CTG32_1	hg38
chr1_KQ458383v1_alt	GRCh38.p14	HSCHR1_4_CTG3	""
chr1_KI270765v1_alt	GRCh38.p14	HSCHR1_4_CTG31	hg38
chr1_KI270764v1_alt	GRCh38.p14	HSCHR1_4_CTG32_1	hg38
chr1_KQ983255v1_alt	GRCh38.p14	HSCHR1_5_CTG3	""
chr1_MU273331v1_alt	GRCh38.p14	HSCHR1_5_CTG31	""
chr1_KQ458384v1_alt	GRCh38.p14	HSCHR1_5_CTG32_1	""
chr1_KV880763v1_alt	GRCh38.p14	HSCHR1_6_CTG3	""
chr1_MU273332v1_alt	GRCh38.p14	HSCHR1_6_CTG31	""
chr1_KZ208904v1_alt	GRCh38.p14	HSCHR1_8_CTG3	""
chr1_KZ208905v1_alt	GRCh38.p14	HSCHR1_9_CTG3	""
chr1_KI270892v1_alt	GRCh38.p14	HSCHR1_ALT2_1_CTG32_1	hg38
chr1_KI270706v1_random	GRCh38.p14	HSCHR1_CTG1_UNLOCALIZED	hg38
chr1_KI270707v1_random	GRCh38.p14	HSCHR1_CTG2_UNLOCALIZED	hg38
chr1_KI270708v1_random	GRCh38.p14	HSCHR1_CTG3_UNLOCALIZED	hg38
chr1_KI270709v1_random	GRCh38.p14	HSCHR1_CTG4_UNLOCALIZED	hg38
chr1_KI270710v1_random	GRCh38.p14	HSCHR1_CTG5_UNLOCALIZED	hg38
chr1_KI270711v1_random	GRCh38.p14	HSCHR1_CTG6_UNLOCALIZED	hg38
chr1_KI270712v1_random	GRCh38.p14	HSCHR1_CTG7_UNLOCALIZED	hg38
chr1_KI270713v1_random	GRCh38.p14	HSCHR1_CTG8_UNLOCALIZED	hg38
chr1_KI270714v1_random	GRCh38.p14	HSCHR1_CTG9_UNLOCALIZED	hg38
chr20_GL383577v2_alt	GRCh38.p14	HSCHR20_1_CTG1	hg38
chr20_KI270869v1_alt	GRCh38.p14	HSCHR20_1_CTG2	hg38
chr20_KI270870v1_alt	GRCh38.p14	HSCHR20_1_CTG3	hg38
chr20_KI270871v1_alt	GRCh38.p14	HSCHR20_1_CTG4	hg38
chr21_GL383578v2_alt	GRCh38.p14	HSCHR21_1_CTG1_1	hg38
chr21_GL383579v2_alt	GRCh38.p14	HSCHR21_2_CTG1_1	hg38
chr21_GL383580v2_alt	GRCh38.p14	HSCHR21_3_CTG1_1	hg38
chr21_GL383581v2_alt	GRCh38.p14	HSCHR21_4_CTG1_1	hg38
chr21_KI270872v1_alt	GRCh38.p14	HSCHR21_5_CTG2	hg38
chr21_KI270873v1_alt	GRCh38.p14	HSCHR21_6_CTG1_1	hg38
chr21_KI270874v1_alt	GRCh38.p14	HSCHR21_8_CTG1_1	hg38
chr22_GL383582v2_alt	GRCh38.p14	HSCHR22_1_CTG1	hg38
chr22_GL383583v2_alt	GRCh38.p14	HSCHR22_1_CTG2	hg38
chr22_KI270875v1_alt	GRCh38.p14	HSCHR22_1_CTG3	hg38
chr22_KI270876v1_alt	GRCh38.p14	HSCHR22_1_CTG4	hg38
chr22_KI270877v1_alt	GRCh38.p14	HSCHR22_1_CTG5	hg38
chr22_KI270878v1_alt	GRCh38.p14	HSCHR22_1_CTG6	hg38
chr22_KI270879v1_alt	GRCh38.p14	HSCHR22_1_CTG7	hg38
chr22_KB663609v1_alt	GRCh38.p14	HSCHR22_2_CTG1	hg38
chr22_KI270928v1_alt	GRCh38.p14	HSCHR22_3_CTG1	hg38
chr22_KN196485v1_alt	GRCh38.p14	HSCHR22_4_CTG1	""
chr22_KN196486v1_alt	GRCh38.p14	HSCHR22_5_CTG1	""
chr22_KQ458387v1_alt	GRCh38.p14	HSCHR22_6_CTG1	""
chr22_KQ458388v1_alt	GRCh38.p14	HSCHR22_7_CTG1	""
chr22_KQ759761v1_alt	GRCh38.p14	HSCHR22_8_CTG1	""
chr22_KI270731v1_random	GRCh38.p14	HSCHR22_UNLOCALIZED_CTG1	hg38
chr22_KI270732v1_random	GRCh38.p14	HSCHR22_UNLOCALIZED_CTG2	hg38
chr22_KI270733v1_random	GRCh38.p14	HSCHR22_UNLOCALIZED_CTG3	hg38
chr22_KI270734v1_random	GRCh38.p14	HSCHR22_UNLOCALIZED_CTG4	hg38
chr22_KI270735v1_random	GRCh38.p14	HSCHR22_UNLOCALIZED_CTG5	hg38
chr22_KI270736v1_random	GRCh38.p14	HSCHR22_UNLOCALIZED_CTG6	hg38
chr22_KI270737v1_random	GRCh38.p14	HSCHR22_UNLOCALIZED_CTG7	hg38
chr22_KI270738v1_random	GRCh38.p14	HSCHR22_UNLOCALIZED_CTG8	hg38
chr22_KI270739v1_random	GRCh38.p14	HSCHR22_UNLOCALIZED_CTG9	hg38
chr2_MU273337v1_alt	GRCh38.p14	HSCHR2_10_CTG7_2	""
chr2_MU273338v1_alt	GRCh38.p14	HSCHR2_11_CTG7_2	""
chr2_MU273339v1_alt	GRCh38.p14	HSCHR2_12_CTG7_2	""
chr2_KI270769v1_alt	GRCh38.p14	HSCHR2_1_CTG1	hg38
chr2_KI270767v1_alt	GRCh38.p14	HSCHR2_1_CTG15	hg38
chr2_GL383521v1_alt	GRCh38.p14	HSCHR2_1_CTG5	hg38
chr2_KI270772v1_alt	GRCh38.p14	HSCHR2_1_CTG7	hg38
chr2_GL383522v1_alt	GRCh38.p14	HSCHR2_1_CTG7_2	hg38
chr2_KI270770v1_alt	GRCh38.p14	HSCHR2_2_CTG1	hg38
chr2_KI270893v1_alt	GRCh38.p14	HSCHR2_2_CTG15	hg38
chr2_KI270894v1_alt	GRCh38.p14	HSCHR2_2_CTG7	hg38
chr2_GL582966v2_alt	GRCh38.p14	HSCHR2_2_CTG7_2	hg38
chr2_KI270773v1_alt	GRCh38.p14	HSCHR2_3_CTG1	hg38
chr2_KI270776v1_alt	GRCh38.p14	HSCHR2_3_CTG15	hg38
chr2_KI270768v1_alt	GRCh38.p14	HSCHR2_3_CTG7_2	hg38
chr2_KI270774v1_alt	GRCh38.p14	HSCHR2_4_CTG1	hg38
chr2_KI270771v1_alt	GRCh38.p14	HSCHR2_4_CTG7_2	hg38
chr2_KI270775v1_alt	GRCh38.p14	HSCHR2_5_CTG7_2	hg38
chr2_MU273340v1_alt	GRCh38.p14	HSCHR2_6_CTG1	""
chr2_KQ983256v1_alt	GRCh38.p14	HSCHR2_6_CTG7_2	""
chr2_KZ208907v1_alt	GRCh38.p14	HSCHR2_7_CTG7_2	""
chr2_KZ208908v1_alt	GRCh38.p14	HSCHR2_8_CTG7_2	""
chr2_KI270715v1_random	GRCh38.p14	HSCHR2_RANDOM_CTG1	hg38
chr2_KI270716v1_random	GRCh38.p14	HSCHR2_RANDOM_CTG2	hg38
chr3_GL000221v1_random	GRCh38.p14	HSCHR3UN_CTG2	hg38
chr3_JH636055v2_alt	GRCh38.p14	HSCHR3_1_CTG1	hg38
chr3_GL383526v1_alt	GRCh38.p14	HSCHR3_1_CTG2_1	hg38
chr3_KI270779v1_alt	GRCh38.p14	HSCHR3_1_CTG3	hg38
chr3_KI270777v1_alt	GRCh38.p14	HSCHR3_2_CTG2_1	hg38
chr3_KI270782v1_alt	GRCh38.p14	HSCHR3_2_CTG3	hg38
chr3_KI270783v1_alt	GRCh38.p14	HSCHR3_3_CTG1	hg38
chr3_KI270778v1_alt	GRCh38.p14	HSCHR3_3_CTG2_1	hg38
chr3_KI270895v1_alt	GRCh38.p14	HSCHR3_3_CTG3	hg38
chr3_KZ208909v1_alt	GRCh38.p14	HSCHR3_4_CTG1	""
chr3_KI270780v1_alt	GRCh38.p14	HSCHR3_4_CTG2_1	hg38
chr3_KI270924v1_alt	GRCh38.p14	HSCHR3_4_CTG3	hg38
chr3_ML143343v1_alt	GRCh38.p14	HSCHR3_5_CTG1	""
chr3_KI270781v1_alt	GRCh38.p14	HSCHR3_5_CTG2_1	hg38
chr3_KI270934v1_alt	GRCh38.p14	HSCHR3_5_CTG3	hg38
chr3_KZ559105v1_alt	GRCh38.p14	HSCHR3_6_CTG2_1	""
chr3_KI270935v1_alt	GRCh38.p14	HSCHR3_6_CTG3	hg38
chr3_KZ559101v1_alt	GRCh38.p14	HSCHR3_7_CTG2_1	""
chr3_KI270936v1_alt	GRCh38.p14	HSCHR3_7_CTG3	hg38
chr3_KZ559102v1_alt	GRCh38.p14	HSCHR3_8_CTG2_1	""
chr3_KI270937v1_alt	GRCh38.p14	HSCHR3_8_CTG3	hg38
chr3_KZ559103v1_alt	GRCh38.p14	HSCHR3_9_CTG2_1	""
chr3_KI270784v1_alt	GRCh38.p14	HSCHR3_9_CTG3	hg38
chr4_KQ983258v1_alt	GRCh38.p14	HSCHR4_11_CTG12	""
chr4_KV766193v1_alt	GRCh38.p14	HSCHR4_12_CTG12	""
chr4_GL383527v1_alt	GRCh38.p14	HSCHR4_1_CTG12	hg38
chr4_KI270790v1_alt	GRCh38.p14	HSCHR4_1_CTG4	hg38
chr4_GL383528v1_alt	GRCh38.p14	HSCHR4_1_CTG6	hg38
chr4_KI270787v1_alt	GRCh38.p14	HSCHR4_1_CTG8_1	hg38
chr4_GL000257v2_alt	GRCh38.p14	HSCHR4_1_CTG9	hg38
chr4_KI270785v1_alt	GRCh38.p14	HSCHR4_2_CTG12	hg38
chr4_KQ090013v1_alt	GRCh38.p14	HSCHR4_2_CTG4	""
chr4_MU273349v1_alt	GRCh38.p14	HSCHR4_2_CTG8_1	""
chr4_KI270786v1_alt	GRCh38.p14	HSCHR4_3_CTG12	hg38
chr4_KI270788v1_alt	GRCh38.p14	HSCHR4_4_CTG12	hg38
chr4_KI270789v1_alt	GRCh38.p14	HSCHR4_5_CTG12	hg38
chr4_KI270896v1_alt	GRCh38.p14	HSCHR4_6_CTG12	hg38
chr4_KI270925v1_alt	GRCh38.p14	HSCHR4_7_CTG12	hg38
chr4_KQ090014v1_alt	GRCh38.p14	HSCHR4_8_CTG12	""
chr4_KQ090015v1_alt	GRCh38.p14	HSCHR4_9_CTG12	""
chr4_GL000008v2_random	GRCh38.p14	HSCHR4_RANDOM_CTG4	hg38
chr5_MU273356v1_alt	GRCh38.p14	HSCHR5_10_CTG1	""
chr5_GL383532v1_alt	GRCh38.p14	HSCHR5_1_CTG1	hg38
chr5_KI270897v1_alt	GRCh38.p14	HSCHR5_1_CTG1_1	hg38
chr5_GL383531v1_alt	GRCh38.p14	HSCHR5_1_CTG5	hg38
chr5_GL949742v1_alt	GRCh38.p14	HSCHR5_2_CTG1	hg38
chr5_GL339449v2_alt	GRCh38.p14	HSCHR5_2_CTG1_1	hg38
chr5_KI270795v1_alt	GRCh38.p14	HSCHR5_2_CTG5	hg38
chr5_KI270791v1_alt	GRCh38.p14	HSCHR5_3_CTG1	hg38
chr5_GL383530v1_alt	GRCh38.p14	HSCHR5_3_CTG1_1	hg38
chr5_KI270898v1_alt	GRCh38.p14	HSCHR5_3_CTG5	hg38
chr5_KI270792v1_alt	GRCh38.p14	HSCHR5_4_CTG1	hg38
chr5_KI270796v1_alt	GRCh38.p14	HSCHR5_4_CTG1_1	hg38
chr5_KI270793v1_alt	GRCh38.p14	HSCHR5_5_CTG1	hg38
chr5_KI270794v1_alt	GRCh38.p14	HSCHR5_6_CTG1	hg38
chr5_KN196477v1_alt	GRCh38.p14	HSCHR5_7_CTG1	""
chr5_KV575243v1_alt	GRCh38.p14	HSCHR5_8_CTG1	""
chr5_KZ208910v1_alt	GRCh38.p14	HSCHR5_9_CTG1	""
chr5_GL000208v1_random	GRCh38.p14	HSCHR5_RANDOM_CTG1	hg38
chr6_MU273357v1_alt	GRCh38.p14	HSCHR6_1_CTG1	""
chr6_KQ090017v1_alt	GRCh38.p14	HSCHR6_1_CTG10	""
chr6_GL383533v1_alt	GRCh38.p14	HSCHR6_1_CTG2	hg38
chr6_KB021644v2_alt	GRCh38.p14	HSCHR6_1_CTG3	hg38
chr6_KI270797v1_alt	GRCh38.p14	HSCHR6_1_CTG4	hg38
chr6_KI270798v1_alt	GRCh38.p14	HSCHR6_1_CTG5	hg38
chr6_KI270799v1_alt	GRCh38.p14	HSCHR6_1_CTG6	hg38
chr6_KI270800v1_alt	GRCh38.p14	HSCHR6_1_CTG7	hg38
chr6_KI270801v1_alt	GRCh38.p14	HSCHR6_1_CTG8	hg38
chr6_KI270802v1_alt	GRCh38.p14	HSCHR6_1_CTG9	hg38
chr6_KI270758v1_alt	GRCh38.p14	HSCHR6_8_CTG1	hg38
chr6_GL000250v2_alt	GRCh38.p14	HSCHR6_MHC_APD_CTG1	hg38
chr6_GL000251v2_alt	GRCh38.p14	HSCHR6_MHC_COX_CTG1	hg38
chr6_GL000252v2_alt	GRCh38.p14	HSCHR6_MHC_DBB_CTG1	hg38
chr6_GL000253v2_alt	GRCh38.p14	HSCHR6_MHC_MANN_CTG1	hg38
chr6_GL000254v2_alt	GRCh38.p14	HSCHR6_MHC_MCF_CTG1	hg38
chr6_GL000255v2_alt	GRCh38.p14	HSCHR6_MHC_QBL_CTG1	hg38
chr6_GL000256v2_alt	GRCh38.p14	HSCHR6_MHC_SSTO_CTG1	hg38
chr7_KI270804v1_alt	GRCh38.p14	HSCHR7_1_CTG1	hg38
chr7_KI270806v1_alt	GRCh38.p14	HSCHR7_1_CTG4_4	hg38
chr7_GL383534v2_alt	GRCh38.p14	HSCHR7_1_CTG6	hg38
chr7_KI270805v1_alt	GRCh38.p14	HSCHR7_1_CTG7	hg38
chr7_KI270899v1_alt	GRCh38.p14	HSCHR7_2_CTG1	hg38
chr7_KI270809v1_alt	GRCh38.p14	HSCHR7_2_CTG4_4	hg38
chr7_KI270803v1_alt	GRCh38.p14	HSCHR7_2_CTG6	hg38
chr7_KI270807v1_alt	GRCh38.p14	HSCHR7_2_CTG7	hg38
chr7_KZ559106v1_alt	GRCh38.p14	HSCHR7_3_CTG1	""
chr7_KZ208913v1_alt	GRCh38.p14	HSCHR7_3_CTG4_4	""
chr7_KI270808v1_alt	GRCh38.p14	HSCHR7_3_CTG6	hg38
chr7_MU273358v1_alt	GRCh38.p14	HSCHR7_4_CTG1	""
chr8_KI270811v1_alt	GRCh38.p14	HSCHR8_1_CTG1	hg38
chr8_KI270814v1_alt	GRCh38.p14	HSCHR8_1_CTG6	hg38
chr8_KI270810v1_alt	GRCh38.p14	HSCHR8_1_CTG7	hg38
chr8_KI270812v1_alt	GRCh38.p14	HSCHR8_2_CTG1	hg38
chr8_KI270815v1_alt	GRCh38.p14	HSCHR8_2_CTG7	hg38
chr8_KI270813v1_alt	GRCh38.p14	HSCHR8_3_CTG1	hg38
chr8_KI270816v1_alt	GRCh38.p14	HSCHR8_3_CTG7	hg38
chr8_KI270818v1_alt	GRCh38.p14	HSCHR8_4_CTG1	hg38
chr8_KI270817v1_alt	GRCh38.p14	HSCHR8_4_CTG7	hg38
chr8_KI270900v1_alt	GRCh38.p14	HSCHR8_5_CTG1	hg38
chr8_KI270819v1_alt	GRCh38.p14	HSCHR8_5_CTG7	hg38
chr8_KI270901v1_alt	GRCh38.p14	HSCHR8_6_CTG1	hg38
chr8_KI270820v1_alt	GRCh38.p14	HSCHR8_6_CTG7	hg38
chr8_KI270926v1_alt	GRCh38.p14	HSCHR8_7_CTG1	hg38
chr8_KZ559107v1_alt	GRCh38.p14	HSCHR8_7_CTG7	""
chr8_KI270821v1_alt	GRCh38.p14	HSCHR8_8_CTG1	hg38
chr8_KI270822v1_alt	GRCh38.p14	HSCHR8_9_CTG1	hg38
chr9_GL383539v1_alt	GRCh38.p14	HSCHR9_1_CTG1	hg38
chr9_GL383540v1_alt	GRCh38.p14	HSCHR9_1_CTG2	hg38
chr9_GL383541v1_alt	GRCh38.p14	HSCHR9_1_CTG3	hg38
chr9_GL383542v1_alt	GRCh38.p14	HSCHR9_1_CTG4	hg38
chr9_KI270823v1_alt	GRCh38.p14	HSCHR9_1_CTG5	hg38
chr9_KQ090018v1_alt	GRCh38.p14	HSCHR9_1_CTG6	""
chr9_KQ090019v1_alt	GRCh38.p14	HSCHR9_1_CTG7	""
chr9_KI270717v1_random	GRCh38.p14	HSCHR9_UNLOCALIZED_CTG1	hg38
chr9_KI270718v1_random	GRCh38.p14	HSCHR9_UNLOCALIZED_CTG2	hg38
chr9_KI270719v1_random	GRCh38.p14	HSCHR9_UNLOCALIZED_CTG3	hg38
chr9_KI270720v1_random	GRCh38.p14	HSCHR9_UNLOCALIZED_CTG4	hg38
chrUn_KI270302v1	GRCh38.p14	HSCHRUN_RANDOM_100	hg38
chrUn_KI270304v1	GRCh38.p14	HSCHRUN_RANDOM_101	hg38
chrUn_KI270303v1	GRCh38.p14	HSCHRUN_RANDOM_102	hg38
chrUn_KI270305v1	GRCh38.p14	HSCHRUN_RANDOM_103	hg38
chrUn_KI270322v1	GRCh38.p14	HSCHRUN_RANDOM_104	hg38
chrUn_KI270320v1	GRCh38.p14	HSCHRUN_RANDOM_105	hg38
chrUn_KI270310v1	GRCh38.p14	HSCHRUN_RANDOM_106	hg38
chrUn_KI270316v1	GRCh38.p14	HSCHRUN_RANDOM_107	hg38
chrUn_KI270315v1	GRCh38.p14	HSCHRUN_RANDOM_108	hg38
chrUn_KI270312v1	GRCh38.p14	HSCHRUN_RANDOM_109	hg38
chrUn_KI270311v1	GRCh38.p14	HSCHRUN_RANDOM_110	hg38
chrUn_KI270317v1	GRCh38.p14	HSCHRUN_RANDOM_111	hg38
chrUn_KI270412v1	GRCh38.p14	HSCHRUN_RANDOM_112	hg38
chrUn_KI270411v1	GRCh38.p14	HSCHRUN_RANDOM_113	hg38
chrUn_KI270414v1	GRCh38.p14	HSCHRUN_RANDOM_114	hg38
chrUn_KI270419v1	GRCh38.p14	HSCHRUN_RANDOM_115	hg38
chrUn_KI270418v1	GRCh38.p14	HSCHRUN_RANDOM_116	hg38
chrUn_KI270420v1	GRCh38.p14	HSCHRUN_RANDOM_117	hg38
chrUn_KI270424v1	GRCh38.p14	HSCHRUN_RANDOM_118	hg38
chrUn_KI270417v1	GRCh38.p14	HSCHRUN_RANDOM_119	hg38
chrUn_KI270422v1	GRCh38.p14	HSCHRUN_RANDOM_120	hg38
chrUn_KI270423v1	GRCh38.p14	HSCHRUN_RANDOM_121	hg38
chrUn_KI270425v1	GRCh38.p14	HSCHRUN_RANDOM_122	hg38
chrUn_KI270429v1	GRCh38.p14	HSCHRUN_RANDOM_123	hg38
chrUn_KI270442v1	GRCh38.p14	HSCHRUN_RANDOM_124	hg38
chrUn_KI270466v1	GRCh38.p14	HSCHRUN_RANDOM_125	hg38
chrUn_KI270465v1	GRCh38.p14	HSCHRUN_RANDOM_126	hg38
chrUn_KI270467v1	GRCh38.p14	HSCHRUN_RANDOM_127	hg38
chrUn_KI270435v1	GRCh38.p14	HSCHRUN_RANDOM_128	hg38
chrUn_KI270438v1	GRCh38.p14	HSCHRUN_RANDOM_129	hg38
chrUn_KI270468v1	GRCh38.p14	HSCHRUN_RANDOM_130	hg38
chrUn_KI270510v1	GRCh38.p14	HSCHRUN_RANDOM_131	hg38
chrUn_KI270509v1	GRCh38.p14	HSCHRUN_RANDOM_132	hg38
chrUn_KI270518v1	GRCh38.p14	HSCHRUN_RANDOM_133	hg38
chrUn_KI270508v1	GRCh38.p14	HSCHRUN_RANDOM_134	hg38
chrUn_KI270516v1	GRCh38.p14	HSCHRUN_RANDOM_135	hg38
chrUn_KI270512v1	GRCh38.p14	HSCHRUN_RANDOM_136	hg38
chrUn_KI270519v1	GRCh38.p14	HSCHRUN_RANDOM_137	hg38
chrUn_KI270522v1	GRCh38.p14	HSCHRUN_RANDOM_138	hg38
chrUn_KI270511v1	GRCh38.p14	HSCHRUN_RANDOM_139	hg38
chrUn_KI270515v1	GRCh38.p14	HSCHRUN_RANDOM_140	hg38
chrUn_KI270507v1	GRCh38.p14	HSCHRUN_RANDOM_141	hg38
chrUn_KI270517v1	GRCh38.p14	HSCHRUN_RANDOM_142	hg38
chrUn_KI270529v1	GRCh38.p14	HSCHRUN_RANDOM_143	hg38
chrUn_KI270528v1	GRCh38.p14	HSCHRUN_RANDOM_144	hg38
chrUn_KI270530v1	GRCh38.p14	HSCHRUN_RANDOM_145	hg38
chrUn_KI270539v1	GRCh38.p14	HSCHRUN_RANDOM_146	hg38
chrUn_KI270538v1	GRCh38.p14	HSCHRUN_RANDOM_147	hg38
chrUn_KI270544v1	GRCh38.p14	HSCHRUN_RANDOM_148	hg38
chrUn_KI270548v1	GRCh38.p14	HSCHRUN_RANDOM_149	hg38
chrUn_KI270583v1	GRCh38.p14	HSCHRUN_RANDOM_154	hg38
chrUn_KI270587v1	GRCh38.p14	HSCHRUN_RANDOM_155	hg38
chrUn_KI270580v1	GRCh38.p14	HSCHRUN_RANDOM_156	hg38
chrUn_KI270581v1	GRCh38.p14	HSCHRUN_RANDOM_157	hg38
chrUn_KI270579v1	GRCh38.p14	HSCHRUN_RANDOM_158	hg38
chrUn_KI270589v1	GRCh38.p14	HSCHRUN_RANDOM_159	hg38
chrUn_KI270590v1	GRCh38.p14	HSCHRUN_RANDOM_160	hg38
chrUn_KI270584v1	GRCh38.p14	HSCHRUN_RANDOM_161	hg38
chrUn_KI270582v1	GRCh38.p14	HSCHRUN_RANDOM_162	hg38
chrUn_KI270588v1	GRCh38.p14	HSCHRUN_RANDOM_163	hg38
chrUn_KI270593v1	GRCh38.p14	HSCHRUN_RANDOM_164	hg38
chrUn_KI270591v1	GRCh38.p14	HSCHRUN_RANDOM_165	hg38
chrUn_KI270330v1	GRCh38.p14	HSCHRUN_RANDOM_166	hg38
chrUn_KI270329v1	GRCh38.p14	HSCHRUN_RANDOM_167	hg38
chrUn_KI270334v1	GRCh38.p14	HSCHRUN_RANDOM_168	hg38
chrUn_KI270333v1	GRCh38.p14	HSCHRUN_RANDOM_169	hg38
chrUn_KI270335v1	GRCh38.p14	HSCHRUN_RANDOM_170	hg38
chrUn_KI270338v1	GRCh38.p14	HSCHRUN_RANDOM_171	hg38
chrUn_KI270340v1	GRCh38.p14	HSCHRUN_RANDOM_172	hg38
chrUn_KI270336v1	GRCh38.p14	HSCHRUN_RANDOM_173	hg38
chrUn_KI270337v1	GRCh38.p14	HSCHRUN_RANDOM_174	hg38
chrUn_KI270363v1	GRCh38.p14	HSCHRUN_RANDOM_175	hg38
chrUn_KI270364v1	GRCh38.p14	HSCHRUN_RANDOM_176	hg38
chrUn_KI270362v1	GRCh38.p14	HSCHRUN_RANDOM_177	hg38
chrUn_KI270366v1	GRCh38.p14	HSCHRUN_RANDOM_178	hg38
chrUn_KI270378v1	GRCh38.p14	HSCHRUN_RANDOM_179	hg38
chrUn_KI270379v1	GRCh38.p14	HSCHRUN_RANDOM_180	hg38
chrUn_KI270389v1	GRCh38.p14	HSCHRUN_RANDOM_181	hg38
chrUn_KI270390v1	GRCh38.p14	HSCHRUN_RANDOM_182	hg38
chrUn_KI270387v1	GRCh38.p14	HSCHRUN_RANDOM_183	hg38
chrUn_KI270395v1	GRCh38.p14	HSCHRUN_RANDOM_184	hg38
chrUn_KI270396v1	GRCh38.p14	HSCHRUN_RANDOM_185	hg38
chrUn_KI270388v1	GRCh38.p14	HSCHRUN_RANDOM_186	hg38
chrUn_KI270394v1	GRCh38.p14	HSCHRUN_RANDOM_187	hg38
chrUn_KI270386v1	GRCh38.p14	HSCHRUN_RANDOM_188	hg38
chrUn_KI270391v1	GRCh38.p14	HSCHRUN_RANDOM_189	hg38
chrUn_KI270383v1	GRCh38.p14	HSCHRUN_RANDOM_190	hg38
chrUn_KI270393v1	GRCh38.p14	HSCHRUN_RANDOM_191	hg38
chrUn_KI270384v1	GRCh38.p14	HSCHRUN_RANDOM_192	hg38
chrUn_KI270392v1	GRCh38.p14	HSCHRUN_RANDOM_193	hg38
chrUn_KI270381v1	GRCh38.p14	HSCHRUN_RANDOM_194	hg38
chrUn_KI270385v1	GRCh38.p14	HSCHRUN_RANDOM_195	hg38
chrUn_KI270382v1	GRCh38.p14	HSCHRUN_RANDOM_196	hg38
chrUn_KI270376v1	GRCh38.p14	HSCHRUN_RANDOM_197	hg38
chrUn_KI270374v1	GRCh38.p14	HSCHRUN_RANDOM_198	hg38
chrUn_KI270372v1	GRCh38.p14	HSCHRUN_RANDOM_199	hg38
chrUn_KI270373v1	GRCh38.p14	HSCHRUN_RANDOM_200	hg38
chrUn_KI270375v1	GRCh38.p14	HSCHRUN_RANDOM_201	hg38
chrUn_KI270371v1	GRCh38.p14	HSCHRUN_RANDOM_202	hg38
chrUn_KI270448v1	GRCh38.p14	HSCHRUN_RANDOM_203	hg38
chrUn_KI270521v1	GRCh38.p14	HSCHRUN_RANDOM_204	hg38
chrUn_GL000195v1	GRCh38.p14	HSCHRUN_RANDOM_CTG1	hg38
chrUn_GL000219v1	GRCh38.p14	HSCHRUN_RANDOM_CTG10	hg38
chrUn_GL000220v1	GRCh38.p14	HSCHRUN_RANDOM_CTG11	hg38
chrUn_GL000224v1	GRCh38.p14	HSCHRUN_RANDOM_CTG16	hg38
chrUn_KI270741v1	GRCh38.p14	HSCHRUN_RANDOM_CTG17	hg38
chrUn_GL000226v1	GRCh38.p14	HSCHRUN_RANDOM_CTG19	hg38
chrUn_GL000213v1	GRCh38.p14	HSCHRUN_RANDOM_CTG2	hg38
chrUn_KI270743v1	GRCh38.p14	HSCHRUN_RANDOM_CTG20	hg38
chrUn_KI270744v1	GRCh38.p14	HSCHRUN_RANDOM_CTG21	hg38
chrUn_KI270745v1	GRCh38.p14	HSCHRUN_RANDOM_CTG22	hg38
chrUn_KI270746v1	GRCh38.p14	HSCHRUN_RANDOM_CTG23	hg38
chrUn_KI270747v1	GRCh38.p14	HSCHRUN_RANDOM_CTG24	hg38
chrUn_KI270748v1	GRCh38.p14	HSCHRUN_RANDOM_CTG25	hg38
chrUn_KI270749v1	GRCh38.p14	HSCHRUN_RANDOM_CTG26	hg38
chrUn_KI270750v1	GRCh38.p14	HSCHRUN_RANDOM_CTG27	hg38
chrUn_KI270751v1	GRCh38.p14	HSCHRUN_RANDOM_CTG28	hg38
chrUn_KI270752v1	GRCh38.p14	HSCHRUN_RANDOM_CTG29	hg38
chrUn_KI270753v1	GRCh38.p14	HSCHRUN_RANDOM_CTG30	hg38
chrUn_KI270754v1	GRCh38.p14	HSCHRUN_RANDOM_CTG33	hg38
chrUn_KI270755v1	GRCh38.p14	HSCHRUN_RANDOM_CTG34	hg38
chrUn_KI270756v1	GRCh38.p14	HSCHRUN_RANDOM_CTG35	hg38
chrUn_KI270757v1	GRCh38.p14	HSCHRUN_RANDOM_CTG36	hg38
chrUn_GL000214v1	GRCh38.p14	HSCHRUN_RANDOM_CTG4	hg38
chrUn_KI270742v1	GRCh38.p14	HSCHRUN_RANDOM_CTG42	hg38
chrUn_GL000216v2	GRCh38.p14	HSCHRUN_RANDOM_CTG6	hg38
chrUn_GL000218v1	GRCh38.p14	HSCHRUN_RANDOM_CTG9	hg38
chrX_MU273395v1_alt	GRCh38.p14	HSCHRX_1_CTG14	""
chrX_KI270880v1_alt	GRCh38.p14	HSCHRX_1_CTG3	hg38
chrX_KI270881v1_alt	GRCh38.p14	HSCHRX_2_CTG12	hg38
chrX_MU273396v1_alt	GRCh38.p14	HSCHRX_2_CTG14	""
chrX_KI270913v1_alt	GRCh38.p14	HSCHRX_2_CTG3	hg38
chrX_MU273397v1_alt	GRCh38.p14	HSCHRX_3_CTG3	""
chrX_KV766199v1_alt	GRCh38.p14	HSCHRX_3_CTG7	""
chrY_KI270740v1_random	GRCh38.p14	HSCHRY_RANDOM_CTG1	hg38
chrM	GRCh38.p14	MT	hg38
chrX	GRCh38.p14	X	hg38
chrY	GRCh38.p14	Y	hg38
